Wilco Hess,40.35327,-76.72577
Restover Truck Stop,46.95271,-122.94149
Flynn's Truck Stop,42.24966,-71.71496
Kangaroo,30.45115,-88.84144
Petro Stopping Centers,32.44455,-93.89997
Joe Cooper Truck Center,35.46413,-97.55704
Sapp Brothers,39.78522,-104.9046
E-Z Trip Travel Center,36.83328,-119.91427
Rock Creek Motor Stop,45.76674,-92.9924
Flying J,41.10168,-100.72551
River Auto Truck Plaza,41.34509,-88.1933
Pilot,41.2371,-73.02374
Pilot,39.68113,-75.47877
Pilot,40.12046,-74.70682
Pilot,40.65891,-75.073
Pilot,42.49766,-73.6738
Pilot,41.5219,-74.11217
Pilot,43.08746,-76.16427
TravelCenters of America,35.19598,-118.91452
Pilot,42.1026,-75.83098
TravelCenters of America,43.04401,-70.81877
TravelCenters of America,41.91809,-72.26037
Pilot,40.13096,-80.00055
TravelCenters of America,41.56368,-72.90986
Pilot,41.14054,-78.78353
TravelCenters of America,40.93117,-75.09765
TravelCenters of America,39.82018,-75.23786
TravelCenters of America,40.65881,-75.07343
TravelCenters of America,42.94911,-74.36162
TravelCenters of America,41.50354,-74.21957
TravelCenters of America,43.00297,-78.40579
TravelCenters of America,39.9994,-78.23441
TravelCenters of America,41.17333,-79.09817
TravelCenters of America,41.19876,-79.97482
TravelCenters of America,42.14067,-79.92343
Pilot,40.96701,-80.15742
TravelCenters of America,40.95957,-77.76321
TravelCenters of America,39.78576,-77.71192
TravelCenters of America,41.02799,-77.52165
TravelCenters of America,41.01541,-76.49301
TravelCenters of America,39.64409,-75.79874
TravelCenters of America,37.72277,-77.44704
TravelCenters of America,37.75924,-77.46291
TravelCenters of America,37.38925,-79.9011
Pilot,42.06876,-80.03896
TravelCenters of America,36.06399,-79.5649
TravelCenters of America,35.5813,-78.1466
Pilot,41.03617,-77.51544
TravelCenters of America,35.54344,-82.75361
TravelCenters of America,33.70339,-80.2418
Pilot,40.231,-77.14465
TravelCenters of America,34.91575,-82.10959
Pilot,40.35221,-76.71711
TravelCenters of America,33.20707,-84.05668
Pilot,41.31416,-75.75599
Pilot,39.69503,-79.09959
TravelCenters of America,34.25355,-83.46243
TravelCenters of America,33.55256,-83.47368
TravelCenters of America,31.92622,-81.33311
TravelCenters of America,30.64546,-83.1868
Pilot,39.63412,-77.8081
TravelCenters of America,30.28494,-81.98303
TravelCenters of America,30.0659,-81.49534
TravelCenters of America,30.71864,-85.18533
TravelCenters of America,27.63917,-80.51114
TravelCenters of America,28.0101,-82.30207
TravelCenters of America,33.17617,-87.44741
Pilot,39.58878,-76.06624
TravelCenters of America,32.32646,-86.29137
Love's,37.93997,-77.4633
TravelCenters of America,35.85924,-86.82946
Pilot,37.50017,-77.09013
Pilot,37.31083,-77.39255
Pilot,37.38913,-79.90113
Pilot,37.98925,-79.16291
TravelCenters of America,36.32646,-82.83513
TravelCenters of America,35.90837,-84.14803
TravelCenters of America,35.87385,-84.23634
TravelCenters of America,32.39797,-88.58408
TravelCenters of America,39.94026,-82.53551
Pilot,36.58257,-79.35326
Pilot,38.44533,-81.82802
TravelCenters of America,39.9525,-83.37901
TravelCenters of America,41.52213,-83.46152
TravelCenters of America,41.87629,-80.66644
Pilot,36.0709,-79.33046
TravelCenters of America,41.03198,-81.90635
TravelCenters of America,41.12169,-80.76537
TravelCenters of America,40.88061,-81.4302
TravelCenters of America,40.55833,-84.16459
TravelCenters of America,39.94626,-86.35611
TravelCenters of America,39.61143,-86.47979
TravelCenters of America,41.59089,-87.24036
TravelCenters of America,42.29624,-83.87798
TravelCenters of America,41.92586,-83.3635
TravelCenters of America,43.3526,-83.86875
TravelCenters of America,41.88553,-86.59967
TravelCenters of America,44.98882,-92.65746
TravelCenters of America,45.19802,-93.55072
TravelCenters of America,43.65772,-93.31743
TravelCenters of America,41.39248,-88.4219
TravelCenters of America,38.73237,-89.90872
TravelCenters of America,39.13505,-88.57225
TravelCenters of America,38.31242,-88.95851
Love's,41.02653,-76.3178
Love's,38.96647,-78.43905
Pilot,35.49766,-80.56119
Pilot,35.27036,-80.83756
Love's,35.34107,-78.55689
Pilot,35.57256,-82.95669
Pilot,33.41624,-80.66629
Love's,36.95175,-80.88192
Love's,35.65925,-81.96396
Love's,33.4573,-80.73515
Love's,33.20725,-84.05707
Love's,34.4209,-79.42014
Love's,33.69161,-85.18851
Love's,33.15946,-84.87216
Love's,33.51438,-82.50261
TravelCenters of America,38.99303,-93.56753
TravelCenters of America,39.01878,-94.12858
TravelCenters of America,37.09433,-93.80753
TravelCenters of America,37.27584,-93.11338
TravelCenters of America,38.42685,-95.72859
TravelCenters of America,41.11224,-101.71553
TravelCenters of America,30.2848,-89.75136
TravelCenters of America,32.44574,-93.94747
TravelCenters of America,32.3882,-91.19948
TravelCenters of America,35.13917,-90.48924
TravelCenters of America,35.45993,-97.6591
TravelCenters of America,35.4611,-97.68919
TravelCenters of America,32.90826,-96.44959
TravelCenters of America,32.65339,-96.75073
TravelCenters of America,33.2622,-97.1774
TravelCenters of America,29.79609,-95.03186
TravelCenters of America,29.04578,-96.50885
TravelCenters of America,29.44411,-98.36196
TravelCenters of America,26.38431,-98.14291
TravelCenters of America,39.78831,-104.90331
TravelCenters of America,39.77833,-105.13504
TravelCenters of America,39.27074,-103.70765
TravelCenters of America,41.1596,-104.52205
TravelCenters of America,43.5643,-116.19867
TravelCenters of America,35.19201,-114.0704
TravelCenters of America,35.11094,-106.62383
TravelCenters of America,35.50525,-108.833
TravelCenters of America,32.2988,-106.81333
TravelCenters of America,36.04429,-115.18713
TravelCenters of America,39.53599,-119.73666
TravelCenters of America,33.71373,-116.17434
TravelCenters of America,34.85177,-117.08293
TravelCenters of America,35.40141,-119.39755
TravelCenters of America,40.50551,-122.33489
Love's,35.72357,-86.31878
TravelCenters of America,45.2365,-122.80835
TravelCenters of America,44.13708,-123.05785
TravelCenters of America,47.46751,-121.71611
TravelCenters of America,43.10384,-80.75842
Love's,35.29245,-84.81799
Love's,36.01149,-83.53258
Love's,35.07536,-89.94979
Ta,41.29705,-72.7635
Love's,35.67813,-88.74522
TravelCenters of America,34.23521,-79.80632
TravelCenters of America,28.87405,-82.0936
TravelCenters of America,38.91795,-84.62674
TravelCenters of America,39.00088,-84.64459
TravelCenters of America,39.61725,-83.60323
TravelCenters of America,41.4136,-84.09761
Love's,32.49577,-82.98057
Love's,31.96178,-81.33205
Love's,31.41666,-83.50253
Love's,29.33935,-81.13561
Love's,34.36829,-86.89355
Love's,32.60472,-90.07288
Love's,32.41059,-88.5066
Love's,30.42629,-89.13614
Love's,37.97865,-85.69351
Love's,37.84368,-84.32553
Love's,36.97662,-84.11619
Love's,37.00284,-88.31899
Love's,37.20112,-85.93449
Love's,39.62142,-83.61228
Love's,39.9689,-81.90184
Love's,40.99617,-81.99628
Love's,41.17305,-80.56872
Love's,41.17274,-83.65294
Love's,39.87691,-86.47274
Love's,38.48958,-85.77035
Love's,39.87196,-84.93305
Love's,42.27761,-84.93208
Love's,41.67963,-92.99911
Love's,43.96135,-90.37893
Love's,43.6586,-93.31755
Love's,42.45566,-88.99892
Love's,41.37311,-89.01008
Love's,40.34151,-88.76053
Love's,39.96152,-89.56134
Love's,38.15471,-88.90879
Love's,39.72407,-94.78699
Love's,37.01233,-94.54574
Love's,38.93354,-92.77813
Love's,37.982,-91.72111
Love's,40.81841,-97.99765
Love's,30.17138,-93.58719
Love's,30.44534,-91.24394
Love's,32.58298,-93.25074
TravelCenters of America,36.01603,-86.62005
Love's,32.3877,-91.19924
Love's,33.82826,-93.3941
Love's,35.26622,-92.73254
Love's,34.77821,-92.13026
TravelCenters of America,35.57401,-89.05567
TravelCenters of America,39.84008,-84.62902
Love's,34.98603,-90.90589
TravelCenters of America,41.57344,-87.40348
Love's,35.39381,-97.26487
TravelCenters of America,43.17354,-89.32456
Love's,35.18277,-97.50148
TravelCenters of America,42.71527,-88.97947
Love's,35.45815,-97.68908
TravelCenters of America,42.48724,-87.95173
Love's,35.59451,-97.43563
Love's,35.37731,-97.49617
TravelCenters of America,30.25266,-92.03713
Love's,35.37713,-97.57392
TravelCenters of America,33.81048,-93.42748
Love's,34.18749,-97.17101
TravelCenters of America,29.74804,-98.05761
TravelCenters of America,35.19231,-101.75888
TravelCenters of America,41.77692,-107.22358
TravelCenters of America,34.06414,-117.55663
TravelCenters of America,34.06398,-117.56037
Petro Stopping Centers,42.96545,-76.84691
Petro Stopping Centers,40.11378,-80.42791
All American Plaza,39.99757,-78.23822
Petro Stopping Centers,40.23298,-77.14101
Petro,40.95629,-76.83853
Petro Stopping Centers,39.63626,-75.80823
Petro Stopping Centers,37.94117,-77.46703
Petro Stopping Centers,34.26673,-79.73061
Petro Stopping Centers,34.34699,-83.31932
Petro Stopping Centers,30.79378,-81.66766
Petro Stopping Centers,33.99647,-86.08239
Petro Stopping Centers,32.40471,-85.95551
Petro Stopping Centers,36.0821,-87.09616
Petro Stopping Centers,35.87342,-84.23545
Petro Stopping Centers,41.41718,-84.1045
Petro Stopping Centers,41.53519,-83.46758
Petro Stopping Centers,39.83404,-84.80942
Petro Stopping Centers,41.74715,-84.99243
Petro Stopping Centers,39.31893,-85.32587
Petro Stopping Centers,40.2766,-85.55224
Petro Stopping Centers,40.76581,-87.12568
Petro Stopping Centers,42.72602,-87.95637
Petro Stopping Centers,45.41318,-94.05574
Petro Stopping Centers,41.42694,-87.75526
Petro Stopping Centers,41.93621,-89.03436
Petro Stopping Centers,39.01582,-94.13245
Petro Stopping Centers,38.87898,-97.61239
Petro Stopping Centers,39.36235,-101.05199
Petro Stopping Centers,35.1535,-90.1369
Petro Stopping Centers,35.46601,-97.47669
Petro Stopping Centers,30.03718,-94.15457
Petro Stopping Centers,29.438,-98.38067
Petro Stopping Centers,35.19236,-101.74367
Petro Stopping Centers,31.95776,-106.58018
Petro Stopping Centers,31.65836,-106.24245
Petro Stopping Centers,41.3278,-105.61917
Petro Stopping Centers,39.52264,-119.70783
Petro Stopping Centers,42.28079,-122.81015
Petro Stopping Centers,47.58973,-117.56137
Petro Stopping Centers,40.12452,-74.7156
Love's,35.52026,-98.8702
Love's,35.22451,-99.8694
Pilot,36.52378,-77.58869
Love's,36.16252,-95.34339
Love's,34.36877,-96.13892
Pilot,34.50901,-81.85869
Pilot,34.91497,-82.10863
Pilot,35.07872,-81.70302
Pilot,33.03953,-80.14193
Love's,32.91904,-96.41946
Love's,32.62309,-96.69419
Love's,32.64121,-96.83998
Pilot,34.2318,-79.80204
Pilot,34.26632,-79.7024
Pilot,34.70949,-82.49801
Pilot,33.84143,-84.48565
Love's,33.16182,-95.228
Pilot,34.27313,-84.80819
Love's,32.50791,-95.64322
Love's,31.72089,-96.17918
Pilot,33.71957,-85.02843
Love's,31.32453,-94.69363
Pilot,33.00285,-85.02934
Love's,32.51479,-97.06969
Love's,32.74259,-97.74387
Pilot,33.31925,-84.77665
Love's,32.59921,-97.31702
Pilot,34.11865,-83.76248
Love's,33.29777,-97.17735
Love's,33.88619,-98.46888
Love's,32.47219,-98.65526
Love's,31.18134,-97.3138
Love's,29.79893,-95.26983
Love's,30.06551,-95.90434
Love's,28.98097,-96.66136
Pilot,34.68826,-85.00004
Pilot,34.65496,-84.9799
Pilot,34.77207,-85.5432
Pilot,33.52522,-82.02962
Pilot,33.48038,-82.13035
Pilot,32.60227,-82.9742
Pilot,32.61107,-83.74524
Pilot,32.18891,-81.19403
Pilot,32.07247,-81.2001
Pilot,31.13651,-81.57167
Pilot,30.75296,-83.27262
Pilot,31.5809,-84.08687
Pilot,30.28293,-81.98352
Pilot,31.42569,-83.51722
Pilot,30.06617,-81.49485
Love's,29.3104,-98.61658
Love's,27.52712,-97.84124
Love's,26.3879,-98.14155
Love's,35.1181,-101.90827
Love's,35.19228,-101.76089
Love's,31.81804,-102.38117
Love's,41.09933,-104.84846
Love's,41.67621,-107.98195
Love's,33.28086,-111.96163
Love's,32.82844,-111.67098
Pilot,34.97768,-85.41493
Love's,33.43133,-112.59095
Pilot,30.48585,-84.42294
Love's,32.94371,-112.73295
Love's,32.68701,-114.58371
Love's,35.1985,-113.90449
Pilot,30.72551,-85.18556
Pilot,26.65538,-81.80084
Love's,35.10737,-106.6497
Pilot,26.89482,-82.0097
Pilot,29.02541,-82.15947
Pilot,29.26703,-82.19159
Love's,32.2703,-106.92198
Pilot,29.26693,-82.1888
Love's,32.35393,-108.72677
Love's,34.39411,-103.14364
Pilot,28.87423,-82.09501
Love's,35.15766,-103.70239
Love's,43.14857,-123.36606
Love's,39.61857,-119.26745
Pilot,27.41312,-80.3976
Love's,33.71715,-116.1703
Pilot,27.41266,-80.40008
Pilot,33.52994,-86.8508
Pilot,33.17268,-87.47762
Pilot,34.53749,-86.91167
Love's,35.61614,-119.65881
Love's,37.75452,-121.14133
Pilot,30.87128,-88.04596
Pilot,30.56014,-88.20534
Pilot,35.30538,-86.88341
Pilot,36.02342,-87.34039
Pilot,35.88166,-87.80054
Pilot,35.99756,-86.59643
Pilot,36.17936,-86.30033
Pilot,35.80853,-86.3972
Pilot,36.20607,-86.77107
Pilot,36.03915,-83.44396
Pilot,36.32064,-82.83276
Pilot,36.11049,-84.02016
Pilot,36.37742,-84.24767
Pilot,36.10809,-83.3339
Pilot,35.96051,-83.82269
Pilot,35.99981,-83.77824
Pilot,35.90269,-84.14038
TravelCenters of America,40.35305,-76.72363
TravelCenters of America,39.16641,-76.78357
All American,37.84633,-77.44985
Petro Stopping Centers,36.77,-81.78091
Petro Stopping Centers,36.07682,-79.22405
Petro Stopping Centers,29.41042,-82.24089
TravelCenters of America,36.17186,-86.77365
Petro Stopping Centers,37.59819,-85.87476
Petro Stopping Centers,41.14112,-80.71745
Petro Stopping Centers,41.17265,-83.64751
TravelCenters of America,40.48483,-89.0249
Petro Stopping Centers,39.12054,-88.57242
Petro Stopping Centers,38.94107,-91.94041
Pilot,35.39053,-89.41166
Pilot,35.02001,-89.89793
Petro Stopping Centers,40.81776,-97.59778
Petro Stopping Centers,30.47709,-90.45711
Arrow Trucking Terminal,36.10125,-95.99362
TravelCenters of America,32.68742,-96.24668
Petro Stopping Centers,32.73792,-97.7647
Champion Travel Plaza,30.57214,-94.94934
Conoco Travel Center,29.82235,-94.89745
TravelCenters of America,27.68747,-99.46709
Calark,27.63295,-99.53252
Flying J,31.66093,-106.23778
Pilot,35.01801,-89.89626
Pilot,35.68226,-88.78443
Sapp Bros,40.74045,-111.94618
Pilot,36.13346,-85.50363
TravelCenters of America,32.26784,-109.8476
Pilot,33.48498,-89.7658
Pilot,32.27295,-90.1931
Pilot,32.27824,-90.15589
Petro Stopping Centers,35.18077,-107.90466
Petro Stopping Centers,36.27898,-115.0251
Petro Stopping Centers,34.98475,-118.94828
Bruce's Truck Stop,35.35437,-118.91089
Pilot,32.34756,-88.72796
Flying J,43.17613,-71.52965
Flying J,44.03428,-70.267
Flying J,45.12305,-67.34888
Flying J,46.14296,-67.84035
Flying J,44.5945,-69.61813
Flying J,44.63207,-70.15348
Flying J,43.00209,-78.40585
Flying J,40.17029,-79.73315
Flying J,41.17322,-79.09812
Flying J,40.23411,-77.12373
Flying J,41.02784,-77.52182
Flying J,39.62478,-75.94811
Flying J,37.93404,-77.47438
Flying J,39.29131,-78.08754
Flying J,36.07022,-79.35215
Flying J,35.57383,-78.14486
Flying J,34.06437,-81.02277
Flying J,34.33994,-79.5317
Flying J,35.14605,-81.50923
Flying J,34.85481,-81.00684
Flying J,33.72016,-85.02857
Flying J,33.2075,-84.06304
Flying J,34.34707,-83.31945
Flying J,34.22822,-83.49892
Flying J,34.58427,-84.93933
Flying J,30.64196,-83.19104
Flying J,29.74893,-81.34437
Flying J,30.49291,-84.42791
Flying J,28.32544,-82.32265
Flying J,28.01061,-82.30341
Flying J,27.44855,-80.39902
Pilot,38.21031,-85.34705
Flying J,32.19525,-86.42091
Flying J,31.19028,-85.39958
Flying J,35.88103,-84.23737
Flying J,34.9292,-89.79491
Flying J,32.27837,-90.16046
Flying J,30.42099,-89.13675
Flying J,38.16219,-85.06748
Pilot,37.82714,-85.72512
Flying J,38.85795,-84.62458
Flying J,38.36338,-82.6984
Flying J,36.69645,-87.45542
Pilot,38.05796,-85.69991
Flying J,40.26626,-82.92268
Flying J,41.53296,-83.45894
Flying J,41.78925,-80.85491
Flying J,41.18226,-80.56845
Flying J,40.83312,-83.96654
Flying J,40.03206,-86.47182
Flying J,39.54969,-86.03557
Flying J,39.69241,-86.19158
TravelCenters of America,39.27917,-76.54848
Flying J,41.2893,-87.29504
Flying J,41.58593,-87.23988
Flying J,41.56092,-87.35599
Flying J,39.85223,-85.41411
Flying J,43.45071,-83.89447
Flying J,42.78656,-84.67768
Flying J,42.09063,-86.41262
Flying J,44.83628,-69.28759
Flying J,42.47105,-93.56415
Flying J,41.61481,-93.78199
Flying J,42.45954,-92.25126
Flying J,41.60409,-90.62483
Flying J,45.74233,-107.61148
Flying J,45.81135,-108.41741
Flying J,47.47063,-111.35963
Flying J,46.00767,-112.61094
Flying J,45.76463,-111.1852
Flying J,42.49365,-89.00015
Flying J,41.36787,-89.09778
Flying J,38.76104,-90.06373
Flying J,38.57664,-90.09752
Flying J,39.13501,-88.57219
Pilot,38.27709,-84.55993
Flying J,38.22598,-91.15708
Flying J,38.83987,-91.22743
Flying J,39.13109,-94.4963
Flying J,38.8782,-97.59395
Flying J,37.75183,-99.98076
Pilot,38.2754,-84.55306
Flying J,32.38522,-94.0211
Flying J,35.15475,-90.14508
Pilot,38.08484,-83.90024
Flying J,35.28421,-93.08891
Flying J,35.59469,-97.43665
Pilot,36.97581,-84.10653
Flying J,35.45885,-97.6892
Flying J,34.19957,-97.16849
Pilot,36.72574,-84.16459
Flying J,36.16275,-95.83333
Flying J,35.47667,-95.53864
Flying J,32.65644,-96.75051
Flying J,33.89224,-98.48396
Flying J,31.50903,-97.14565
Flying J,29.99735,-95.42904
Flying J,30.19408,-95.19424
Flying J,29.44607,-98.36076
Flying J,26.33538,-98.14443
Flying J,35.19317,-101.72349
TravelCenters of America,34.27318,-84.80766
Flying J,33.59221,-101.84137
Flying J,32.52099,-99.89117
Petro Stopping Centers,33.27874,-87.09167
Petro Stopping Centers,30.23242,-92.46232
Flying J,31.99754,-106.57855
Flying J,39.76192,-104.79308
Flying J,40.96935,-102.24822
Flying J,41.09749,-104.85283
Pilot,36.67746,-83.68381
Pilot,38.91695,-84.63227
Pilot,38.91863,-84.62507
TravelCenters of America,32.77225,-111.61944
Love's,40.5283,-76.47004
Love's,36.60603,-77.56148
Love's,35.00048,-80.97726
Love's,28.15436,-81.80177
Love's,32.8489,-86.58394
Love's,30.65495,-87.75931
Love's,36.19311,-85.61706
Pilot,35.98555,-85.01113
Pilot,34.46881,-89.00679
Pilot,30.45224,-88.93427
Love's,38.69465,-84.93989
Pilot,38.45801,-85.29838
Flying J,42.85208,-106.27077
Flying J,44.27817,-105.49421
Flying J,41.60543,-109.23984
Pilot,38.34037,-82.94301
Flying J,41.26407,-110.97784
Pilot,37.09696,-88.69028
Flying J,42.09399,-110.95104
Flying J,43.19636,-112.35833
Flying J,43.66275,-116.65428
Pilot,36.7168,-86.52439
Pilot,36.71679,-86.52451
Flying J,41.0725,-111.97866
Pilot,36.69323,-87.45299
Pilot,36.67675,-87.40645
Flying J,41.96302,-112.71059
Flying J,41.42229,-112.0518
Flying J,41.22832,-112.00736
Flying J,39.6872,-111.83705
Flying J,40.05373,-111.73222
Flying J,40.18561,-111.6423
Pilot,37.06149,-113.583
Flying J,33.46011,-112.20725
Flying J,35.01561,-110.67547
Flying J,35.22048,-114.00777
Flying J,36.21775,-115.12825
Flying J,40.96051,-117.74673
Flying J,40.64887,-116.94318
Flying J,33.81859,-116.40304
Flying J,34.85456,-117.08276
Flying J,34.8177,-118.88541
Flying J,35.53468,-119.18688
Pilot,37.5947,-85.8644
Pilot,37.52117,-85.88265
Flying J,37.75562,-121.14256
Pilot,39.94546,-82.53535
Flying J,45.54439,-122.39136
Flying J,45.29725,-118.04192
Pilot,40.26626,-82.92324
Flying J,47.66377,-117.31613
Flying J,47.62076,-117.50759
Flying J,46.26279,-119.08315
Flying J,49.97127,-98.31957
Love's,40.55464,-85.54796
Love's,32.44307,-93.9847
Love's,35.53813,-93.80425
Love's,34.73977,-97.2224
Flying J,49.87906,-97.33804
Flying J,50.98953,-113.97462
Flying J,53.56582,-113.3181
Flying J,53.33796,-113.54398
Flying J,56.2408,-120.86199
Flying J,53.87676,-122.73476
Flying J,49.16953,-122.95583
Flying J,49.20483,-123.0234
Petro Stopping Centers,46.85093,-96.86317
Petro Stopping Centers,37.0073,-94.55047
Petro Stopping Centers,34.78065,-92.12858
Petro Stopping Centers,35.17833,-113.78976
Petro Stopping Centers,33.78598,-84.49085
Petro Stopping Centers,32.81246,-111.67103
Petro Stopping Centers,37.05509,-121.01593
Petro Stopping Centers,39.90645,-122.19356
Petro Stopping Centers,32.27768,-90.19663
Pilot,39.95947,-83.37077
Pilot,39.55847,-82.9582
Pilot,39.97266,-83.1008
Pilot,40.37155,-82.8295
Pilot,40.8336,-83.24539
Pilot,41.41712,-84.1048
Pilot,41.52217,-83.46116
Pilot,41.72391,-83.50876
Pilot,39.73781,-81.52707
Pilot,39.99673,-81.57767
Pilot,41.78517,-80.85485
TravelCenters of America,41.61243,-87.09718
Pilot,41.46578,-82.06017
TravelCenters of America,38.9582,-85.83727
Pilot,40.99909,-81.99628
TravelCenters of America,41.61715,-90.78092
Pilot,41.02985,-81.90642
Pilot,41.27694,-81.62748
TravelCenters of America,38.81642,-90.95107
Pilot,41.14079,-80.71878
Pilot,40.95921,-80.6596
Pilot,41.12935,-80.76846
Pilot,39.54192,-84.29169
Pilot,39.52257,-83.84639
TravelCenters of America,40.80086,-98.49483
TravelCenters of America,41.31662,-110.50786
TravelCenters of America,35.00953,-106.06381
TravelCenters of America,45.54444,-122.39683
Pilot,39.83244,-84.62943
Pilot,40.83321,-83.96443
Flying J,31.13987,-81.57986
Flying J,33.56165,-86.83809
Pilot,41.13737,-83.66059
Flying J,36.66309,-86.55499
Pilot,39.99574,-85.84317
Flying J,39.94099,-82.60036
Pilot,39.82185,-85.91514
Pilot,39.58408,-85.81745
Pilot,39.55066,-86.04647
Pilot,39.55185,-86.04509
Pilot,39.69752,-86.18651
Pilot,41.6035,-87.11598
Pilot,41.56788,-87.47432
Pilot,41.28976,-87.29591
Pilot,41.44801,-87.01161
Pilot,41.57343,-87.40343
Pilot,41.34199,-86.26258
Flying J,42.86968,-87.94226
Pilot,41.73691,-86.33664
Flying J,44.29444,-90.83009
Flying J,43.60408,-96.76656
Flying J,37.05457,-94.42993
Pilot,41.74247,-85.00041
Flying J,35.26767,-99.64182
Pilot,38.23899,-86.36125
Pilot,38.49169,-85.77389
Pilot,40.11398,-85.5729
Flying J,29.7968,-95.0328
Flying J,42.66098,-112.20615
Pilot,40.11375,-85.56506
Flying J,42.66477,-114.4435
Flying J,43.57227,-116.18948
Flying J,40.72755,-111.91684
Flying J,41.48733,-112.0279
Flying J,35.16107,-103.70242
Pilot,38.17408,-87.55087
Pilot,39.43375,-87.3321
Flying J,38.11318,-121.39421
Pilot,39.45244,-87.12625
Flying J,45.65208,-73.53702
Pilot,40.12239,-87.45163
Flying J,50.5721,-111.86845
Pilot,40.04697,-86.82208
Pilot,40.76581,-87.12565
Flying J,53.51221,-113.37297
Pilot,42.29585,-83.87801
Pilot,42.30084,-83.87809
Pilot,41.92508,-83.36669
Pilot,41.96428,-83.34756
Pilot,42.88284,-85.07482
J&R Express Mart,42.67197,-88.97776
Pilot,42.37698,-77.36326
Pilot,41.02745,-76.08151
King City Truck Stop,46.26278,-119.0847
Pilot,39.63221,-77.78408
Mr Lucky's Truck Stop,30.50782,-91.1809
New England Truck Stop,42.11789,-72.06325
Midway Truck Wash & Fuel Stop,40.48821,-76.2455
Pilot,34.19322,-80.68746
Pilot,33.68223,-85.26247
Deep Water Truck Stop,39.69092,-75.48559
Eastex Truck Stop,29.93336,-95.29988
Outrider Truck Stop,41.29211,-105.58965
Pilot,31.95889,-83.74567
Keysville Sav U Time,37.07651,-78.4517
Love's,35.49072,-95.14994
Roadrunner Markets,36.32787,-82.83721
Pilot,32.08633,-83.75925
EZ Trip Travel Plaza,36.83704,-119.7926
Pilot,37.2561,-87.4503
Pilot,42.30234,-85.08169
Pilot,41.7978,-83.69627
Holly Ridge Truck Stop,33.18993,-91.2604
Pilot,41.65854,-93.4992
Rebel Truck Stop,46.29133,-122.90336
Pilot,41.62959,-93.78067
Pilot,43.14587,-93.35795
Pilot,41.23717,-95.87914
Love's,33.18697,-96.63907
Pilot,41.64227,-91.15187
Love's,32.00882,-97.09346
Bogue Chitto Truck Stop,31.42875,-90.47504
Love's,29.77912,-95.88117
Jubilee,29.60961,-90.66703
Houmas Truck Stop,29.63045,-90.70457
Glitzy Ritz,42.83579,-84.22026
Mr Fuel,37.94042,-77.463
Lagrange Travel Center,32.98629,-85.02971
Silver Dollar Truck Stop,32.5334,-93.76697
Pilot,41.61369,-90.78306
Woodruff Truck Stop,34.74734,-81.95134
Pilot,42.77833,-87.95133
Blue Ridge Plaza,41.0775,-75.97037
Spaceway Truck Plaza,32.34206,-88.79871
River Country Plaza,44.94026,-91.14646
Love's,28.0462,-99.34921
Sinclair,39.78846,-104.97826
Flying J,52.19508,-106.67753
Love's,29.6544,-97.59223
Lucky Magnolia Truck Stop,30.6513,-90.90381
Magnolia Plaza Truck Stop,30.53651,-90.97479
Flying J,42.93138,-81.17529
Flying J,44.26906,-76.96716
Shell O'Trente,48.24755,-79.06612
Village Truck Stop,36.90703,-81.28759
Flying J,45.56786,-73.45034
Relay Station,33.01703,-93.46708
Dunes Auto Truck Plaza,41.88553,-86.60121
Motor City Truck Stop,42.28749,-83.16496
Love's,35.6634,-101.39836
Flying J,50.42639,-105.5442
Trucker's Paradise,32.5821,-93.24785
Pilot,42.8725,-87.94416
Flying J,46.08829,-73.19546
Flying J,52.19894,-106.67022
Flying J,46.83371,-96.84576
Love's,31.06685,-104.74178
Love's,40.07318,-104.63155
Flying J,38.41224,-96.23597
United Petroleum Products,49.24343,-122.75582
Flying J,41.08871,-96.25641
Flying J,46.92974,-104.00769
Love's,37.72559,-113.0501
Flying J,44.10257,-103.14947
Love's,33.65551,-114.24
Willows Travel Plaza,39.49323,-122.19316
Love's,35.18176,-107.90578
Sadler Travel Plaza,36.70411,-77.55299
Simmons Travel Center,36.66488,-77.55301
TravelCenters of America,39.28122,-76.54818
Fuel Stop,30.23812,-93.12937
Love's,35.52985,-108.68215
Joe's Travel Plaza,37.81985,-121.29201
Love's,41.09843,-114.95866
Jennings Truck Stop,30.23949,-92.63601
Country Express,44.45398,-87.99415
Love's,34.71322,-98.40209
Pompano Truckstop,26.24219,-80.16528
Loves Travel Stop,33.48113,-111.98696
Paso Junction,37.64578,-98.71948
Country Girl's Truck Stop,35.37698,-87.99662
Tomahawk Auto Truck Plaza,39.56156,-107.35984
Flying J,36.93648,-80.99304
Love's,35.38198,-96.67143
Flying J,41.77763,-107.31113
Love's,35.30447,-95.5901
Love's,35.42667,-96.30123
Patton's Truck Stop,37.73909,-88.28569
El Cheapo's,31.7807,-81.38321
Seven Feathers Truck & Travel Ctr,42.94079,-123.28878
Alabama Coast Truck Stop,30.54558,-88.17602
Puckett's Truck Stop,37.74018,-83.04668
Jensen Truck Stop,39.16974,-123.21175
Diamond Rio Truck Plaza,36.62707,-95.19863
Esso,43.64716,-79.64985
Gullivers Travel Plaza,40.75092,-81.40249
Cash's Travel Plaza,33.89019,-91.48477
Love's,35.64329,-86.89081
Fort Erie Truck & Travel Plaza,42.9283,-78.96666
Sunshine Travel Plaza,30.96014,-81.72084
Tulip City Truck Stop,42.73854,-86.06639
Tennessean Truck Stop,35.30929,-86.88021
Shallowater Truck Stop,33.67319,-101.97944
Jda Truck Stop,36.56488,-97.81936
Champlain Peterbilt,44.995,-73.45719
Pilot,33.92852,-81.07701
Highway 34 Truck Stop,40.82655,-91.20783
Flying J,43.65373,-79.64936
Wilmington Truck Stop,33.77462,-118.25372
Speedway Travel Center,35.06154,-118.17659
24-7 Travel Plaza,35.35631,-118.91407
Kent Kwik Travel Center,32.93658,-105.96471
Flying J,31.39991,-103.4873
Flying J,47.71128,-116.99627
Flying J,40.83671,-111.93398
Flying J,38.788,-112.08268
Flying J,32.73192,-111.55034
Triple T Truck Stop,32.12767,-110.87836
Love's,30.25361,-93.01376
Flying J,33.60235,-114.52218
Hill View Truck Stop,33.81485,-81.44911
Flying J,49.89108,-97.07421
Four Mile Truck Stop,30.92308,-88.50909
Nettles Truck Stop,31.19554,-91.2875
Hansen's Truck Stop,40.55301,-124.14649
TravelCenters of America,38.45502,-81.93613
TravelCenters of America,40.06778,-80.56933
TravelCenters of America,30.49952,-88.33483
Wilco Fast Break,39.79076,-91.51648
TravelCenters of America,36.96578,-81.06905
TravelCenters of America,35.33616,-99.59373
TravelCenters of America,32.44917,-100.44226
Sapp Bros,40.69113,-95.79148
TravelCenters of America,33.45827,-112.78154
Marty J's,29.4828,-90.57954
Dalinger Oil,34.39038,-96.12639
National Truck Stop,32.12249,-106.63819
Logansport Truck Stop,31.97456,-93.98305
Cajun Circus,30.49927,-91.30667
Lucky Louie's Truck Stop,30.50764,-91.20379
Tmi Fuel Stop,30.5061,-91.21464
H R Truck Stop,30.45304,-91.24673
River Port Truck Stop,30.44364,-91.24342
Adventure Truck Plaza,29.78458,-90.85914
Derby City South Truck Plaza,37.38052,-84.33033
Cash Magic,30.16375,-93.63793
Buddys Truck Stop,33.7019,-84.08872
TravelCenters of America,34.94644,-104.64073
Champlain Truck Stop,35.84928,-95.01526
TravelCenters of America,32.26441,-101.48913
Flying J,39.68491,-75.48367
TravelCenters of America,40.68939,-112.26415
TravelCenters of America,40.68313,-118.06426
Econo Stop,48.21108,-101.26852
TravelCenters of America,39.90224,-122.1975
Ampride Travel Plaza,36.13455,-97.0515
Paisano Truck Stop,31.75462,-106.49105
Flying J,39.64405,-83.53586
JDS Truck Stop,31.704,-89.14787
Flying J,40.68552,-112.2678
Flying J,33.32263,-87.04614
Flying J,36.0253,-87.17159
Goldy's Truck Plaza,37.23134,-79.18626
Mountain View Truck Stop,35.87989,-83.18564
Presto,37.79473,-97.32957
Discount Diesel,27.64627,-99.5557
Tobo's Truck Stop,35.99718,-94.19934
Made 2 Go Truck Stop,30.55213,-91.19686
Victory Truck Stop,40.4962,-74.29678
Highway 30 Truck Plaza,30.2499,-91.08167
Powder River Travel Plaza,44.61849,-106.10331
Dublin 257 Truck Plaza,32.49361,-82.9835
Witham Truck Stop,42.35225,-122.87557
Cenla Express,32.44709,-91.49293
Kenora Husky Travel Centre,49.76705,-94.51723
98 1 Stop,31.25643,-89.77092
Cattlemens Trail Stop,34.32151,-93.54843
Sarasota Village Plaza,27.29877,-82.4946
Finley Truck Stop,46.16871,-119.04952
Frystown All American Travel Plaza,40.46156,-76.3379
Newell Truck Plaza,38.05636,-97.31929
Deluxe Truck Stop,39.72737,-94.86736
Dannys Food & Fuel Plaza,35.7195,-86.318
Fuel Mart,40.65406,-84.13404
Olson's Truck Stop,44.77933,-93.03402
Can-am Convenience Store,48.85465,-104.58026
Ambest,42.94816,-74.35651
Flying J,38.72399,-94.45192
Flying J,33.51291,-93.94907
Flying J,29.78067,-95.95134
Love's,35.19167,-102.06232
Flying J,32.34337,-108.68213
Flying J,47.24382,-122.38565
Flying J,46.96988,-120.53799
Flying J,27.68645,-99.46469
Flying J,39.9065,-122.19462
Flying J,35.07841,-106.74592
Flying J,36.75926,-89.54159
TravelCenters of America,42.1011,-75.84194
TravelCenters of America,42.56519,-77.71816
TravelCenters of America,42.14608,-88.5092
TravelCenters of America,39.11947,-100.80965
TravelCenters of America,37.38656,-120.73714
West Edmonton Truckland,53.57052,-113.61168
Waupaca Truck Stop,44.35591,-89.11936
Gooseberry Farms Travel Plaza,40.53371,-76.43178
Keystop Truck Center,36.66879,-86.55784
Mid America Travel Plaza,44.67945,-103.85369
Truck & Travel Weatherford,32.73166,-97.81766
Commerce Truck Stop,34.00558,-118.17539
Fontana Truck Stop Center,34.07021,-117.49382
Circle C Truck Stop,33.08224,-80.64828
Quarles,38.96737,-78.18869
Fifth Wheel Truck Stop,43.89262,-78.69089
Opelousas 190 Truck Stop,30.53205,-92.1307
Western Travel Terminal,41.85571,-103.67433
Ernie's Truck Stop,47.30487,-122.31344
Key Truck Stop,29.7894,-95.09228
Bluebird Truck Stop,33.44358,-86.93092
Pro Stop,44.84778,-93.12901
Zack Brothers Truck Stop,37.19569,-86.047
Truck Stop 44,33.87107,-81.38877
Anaheim Truck Depot,33.85238,-117.87139
Hanscom's Truck Stop,43.08071,-70.77043
US Fuel,37.19322,-75.96771
Cloverdale Petro Pass,49.10413,-122.72863
Beamsville Relay Station,43.18344,-79.47683
Firebaugh Travel Plaza,36.85477,-120.77761
Sam's Citgo,30.43644,-81.72049
Jamestown Truck Plaza,46.89278,-98.68152
730 Truck Stop,44.80775,-75.40249
Betty Beaver's Truck Stop,43.25894,-73.69383
Corpus Christi Truck Stop,27.81019,-97.4538
Ortons Audubon Tesoro,46.85852,-95.97889
Davis Travel Center,36.97727,-77.39829
I24 41a Truck Stop,36.71123,-87.4576
Pilot,42.52616,-88.98011
Pilot,43.79632,-90.05874
Pilot,45.49704,-94.14758
Pilot,43.60373,-96.71138
Pilot,43.69491,-98.01526
Pilot,44.11199,-103.27203
Pilot,45.64441,-109.24741
Pilot,46.39722,-105.8226
Pilot,47.47138,-111.36005
Pilot,48.51351,-111.87266
Pilot,46.00554,-112.61111
Pilot,45.91659,-111.5974
Truck World,41.17775,-80.56698
Pilot,46.75617,-114.08229
Pilot,48.37069,-114.23941
Pilot,41.45804,-88.19233
Pilot,41.46028,-88.27154
Pilot,41.42698,-87.75641
Pilot,40.48316,-89.01612
Pilot,38.65267,-90.13188
Pilot,38.73228,-89.90754
Pilot,39.90707,-88.89561
BFS Truck Plaza,39.73465,-80.02693
New TRANSIT Truck Stop,39.10309,-76.62733
Pilot,38.31188,-88.96069
Pilot,38.48654,-90.75916
Pilot,36.90981,-89.35016
Pilot,36.22942,-89.72723
Pilot,36.51892,-89.60534
Pilot,39.00533,-93.73517
Harrisonburg Travel Center,38.40432,-78.90973
Pilot,39.36789,-94.37363
Pilot,37.00493,-94.55166
Pilot,38.93914,-92.77304
Chex Truck Stop,36.39509,-78.3408
Big Boy's,35.56683,-78.16664
Commercial Truck Terminal,28.33741,-81.67087
TR Truck & Auto Plaza,36.00387,-83.52713
Pilot,38.87412,-97.61222
Pilot,39.366,-101.03786
Pilot,40.8318,-98.38188
Pilot,40.69277,-99.38113
Pilot,40.76036,-98.58812
Pilot,41.05268,-102.06987
Pilot,30.08651,-90.44505
Pilot,30.47698,-90.45707
Pilot,30.21314,-93.3763
Pilot,30.45228,-90.95658
Pilot,32.54484,-93.51523
Pilot,32.45974,-91.76012
Pilot,32.5076,-92.19198
Houma Truck Plaza,29.57129,-90.68303
Cochran's Travel Center,34.88942,-85.07307
Snappy Mart,35.80475,-90.6246
Buch's Truck Stop,40.40285,-80.62158
Speedco,33.65946,-84.34063
Fifth Wheel Truck Stop,45.04917,-74.73635
Sapp Brothers,41.23527,-95.87923
Voss Truck Port,38.07695,-91.40909
Fort Wayne Truck Plaza,41.11865,-85.18262
Bosselmans,41.65854,-93.50078
Pilot,34.77794,-92.1288
Fifth Wheel Truck Stop,42.95652,-81.06036
Pilot,35.15726,-90.13563
Pilot,35.15373,-90.13763
Pilot,36.17559,-94.19286
Wings America Travel Center,41.49358,-95.3361
Pilot,35.28039,-93.09373
Pilot,35.46178,-97.68896
Stamart,47.93179,-97.0962
Pilot,41.09272,-74.15519
Pilot,35.78591,-95.40256
Pilot,35.40506,-94.52208
Fifth Wheel Truck Stop,43.20867,-79.5936
Flying J,36.94524,-80.9468
Fifth Wheel Truck Stop,43.52503,-79.90268
Liberty,33.46151,-112.18207
Pilot,33.04304,-96.17715
Pilot,32.642,-96.77934
Petro Stopping Centers,43.48548,-89.4978
Jubitz Travel Center,45.5963,-122.66907
Pilot,33.11713,-95.63507
Pilot,32.95849,-97.30884
Pilot,31.45671,-97.17256
Love's,29.79813,-95.36999
Pilot,29.80152,-95.26756
Husky Travel Centre,53.56286,-113.76464
Pilot,30.73788,-95.59205
Tiger Discount Truck Stop,46.8854,-102.73957
Tom's Travel Center,40.70364,-77.59183
Pilot,30.11105,-93.82086
Choctaw Travel Plaza,34.3747,-96.13483
Pilot,27.68467,-99.46086
Pilot,29.67606,-98.15511
How-Dea Service Center,43.50078,-87.83438
Pilot,29.43965,-98.37969
Stamart Travel Center,47.49663,-94.91523
J J's Truck Stop,34.47198,-92.75489
Pilot,35.19879,-101.74228
Choctaw Travel Plaza,34.00683,-94.73952
Pilot,31.91568,-102.21682
Pilot,31.99756,-106.58518
Fina,34.18713,-93.07135
Choctaw Travel Plaza,33.95416,-96.4184
Golden Acorn Travel Plaza,32.70161,-116.35548
Windsor Husky Travel Centre,42.24392,-82.95154
Uni-Mart,40.92901,-76.06705
Choctaw Travel Plaza,33.95415,-96.41629
Pilot,31.03632,-104.8308
Pilot,39.78104,-104.94967
Husky Travel Centre,45.19167,-74.37549
Pilot,41.13826,-104.71039
Trail's End Truck Stop,40.40361,-95.56567
Pilot,41.32671,-105.6098
Toor's Car & Truck Plaza,42.48798,-87.95209
Thunder Bay Husky Travel Centre,48.4088,-89.25739
Pilot,41.27107,-110.95304
Stamart Travel Center,46.89053,-96.8362
Knox Fuel Stop,32.77052,-96.48868
Stamart Travel Plaza,46.87726,-96.5801
Stamart Travel Plaza,46.87608,-96.82614
Smiths Grove BP Travel Center,37.04443,-86.20969
Saskatoon Husky Travel Centre,52.19386,-106.68548
Regina Husky Travel Centre,50.45074,-104.53276
Ponderosa Truck Stop,35.28815,-84.81802
Plateau Travel Plaza,35.97769,-85.01492
Oneida Casino & Travel Center,44.59043,-88.21834
Barney's Truck Stop,32.67131,-114.49552
Husky Travel Centre,44.10151,-79.62166
Husky Travel Centre,51.08141,-114.00319
Pilot,45.6692,-120.83458
Pilot,38.86319,-121.95044
Pilot,43.21555,-121.78278
Pilot,33.90269,-116.54545
Pilot,34.99237,-117.54276
Pilot,42.3787,-122.89895
Knox Super Stops,32.79579,-96.83332
Morton Travel Center,40.62626,-89.46449
Pilot,34.40875,-117.39926
Pilot,32.73895,-111.55038
Pilot,32.29665,-106.81109
Pilot,37.01826,-120.13277
Pilot,47.00757,-120.58686
Pilot,45.76631,-119.20467
Pilot,34.49423,-118.62054
Pilot,37.11192,-121.01772
Pilot,31.43025,-110.96306
Pilot,41.24478,-112.01951
Auburn Travel Center,39.58993,-89.65225
Pilot,34.85522,-117.08758
Pilot,40.73887,-114.06543
Barney's,32.6697,-114.577
Pilot,34.72756,-114.31643
Choctaw Travel Plaza,34.91945,-95.29647
Pilot,36.66471,-121.63104
Chilliwack Husky Travel Centre,49.14078,-121.95992
Pilot,45.04966,-122.97524
Bob's Service Centre,46.49529,-80.86079
Mid-Tenn Truck Plaza,36.1317,-85.47954
Husky Travel Centre,49.78622,-92.83253
Pilot,33.4559,-112.27257
Drivers Travel Center,32.80147,-97.32026
Gas-N-Go,41.36806,-110.30063
Lee Hi Travel Plazat,37.83227,-79.37816
Ghost Town Fuel Stop,42.87505,-106.42559
Headingley Husky Travel Centre,49.87558,-97.39228
Husky Travel Centre,49.6915,-83.68488
Crossroads Travel Center,46.95306,-114.13081
Choctaw Travel Plaza,34.91155,-94.60695
Hub Plaza,42.57069,-113.78574
Choctaw Travel Plaza,33.89556,-94.81005
Kingston Husky Travel Centre,44.32074,-76.33139
Southern Pride Truck Stop,36.99077,-88.50811
Calgary Fuelstop,51.00865,-114.00092
Gasper-Atkinson Travel Plaza,38.93694,-91.94205
Husky Travel Centre,42.94422,-81.10317
London Auto Truck Center,37.14755,-84.1146
I-24 Truck Plaza,35.45516,-86.04542
Pilot,35.48339,-108.43254
Eagle Travel Plaza,39.15761,-108.30055
Behm's Truck Stop,48.22447,-101.35344
Choctaw Travel Plaza,33.87905,-95.03098
Pilot,29.79767,-95.03262
National Truck Stop,32.46039,-94.66267
Pilot,36.24033,-115.09779
Pilot,43.53893,-123.288
Pilot,35.61563,-119.65938
Eagleville Travel Express,40.4652,-93.95244
Choctaw Travel Plaza,33.93999,-95.52352
Husky Travel Centre,43.64703,-79.68345
Husky Travel Centre,43.65387,-79.64213
Pilot,40.63627,-74.96643
Husky Travel Centre,43.1566,-79.15525
Pilot,40.77024,-111.93927
Pilot,46.95279,-122.93502
Pilot,43.14172,-115.6625
Pilot,32.34597,-108.69213
Husky Travel Centre,49.01915,-88.30585
Pilot,40.71911,-116.10689
Pilot,44.02512,-116.95382
Broken Wheel Truck Stop,42.73755,-105.34704
I-55 Motor Plaza,38.2867,-90.40613
Husky Travel Centre,43.82825,-79.0488
Choctaw Travel Plaza,35.2917,-94.43604
Pilot,32.57006,-116.95376
Choctaw Travel Plaza,35.09795,-94.63254
Husky Travel Centre,46.5398,-84.31901
King's Travel Plaza,30.26081,-93.01385
Pilot,30.29203,-91.91391
Choctaw Travel Plaza,34.48954,-96.04852
Pilot,39.61325,-119.26556
Husky Travel Centre,48.38082,-89.40824
Flying J,45.39299,-74.05486
Pilot,42.26487,-82.484
Plaza Go,38.01001,-97.94026
Pilot,46.87562,-113.88663
Pilot,39.14858,-88.5303
Pilot,34.60808,-92.53413
Winner's Circle,34.39434,-92.82881
Shady Lawn Truck Stop,35.08361,-86.88043
Flying J,45.7477,-72.51329
Flying J,45.19499,-73.44855
Flying J,46.43068,-116.98603
Flying J,58.51153,-117.13284
Flying J,41.82379,-75.6816
Flying J,46.67998,-71.34233
Flying J,40.39459,-91.5687
Pilot,33.66242,-114.23601
Pilot,35.23785,-111.82129
Pilot,32.72755,-97.82321
Flying J,49.94216,-97.22944
Flying J,41.09841,-114.95862
Pilot,40.96074,-117.74653
Pollard Flat Exxon,40.99486,-122.41924
96 Truck Stop,38.01262,-84.17746
Petro,46.13045,-64.88038
Bluegrass Truck Stop,37.61744,-84.79856
Petro,43.25706,-79.78243
Flying J,39.27634,-103.70727
Pilot,42.06834,-72.10464
Love's,42.56454,-113.74225
Sacramento 49er Travel Plaza,38.61648,-121.53886
Shell,36.60548,-119.65758
USA Petroleum,39.74034,-122.20277
Village Fuel Stop,34.49325,-118.61979
Bandini Trucks Terminal,34.0087,-118.21191
United Travel Center,37.09824,-120.21775
Lost Hills Travel Center,35.61505,-119.65749
Action 76 Truck Stop,34.49287,-118.19933
Renegade Truck Stop,35.05942,-118.96957
Kimber Renegade Truck Stop,35.35075,-118.91296
EZ Trip Auto Truck Stop,35.35483,-119.3308
Stop-N-Go,36.69894,-119.73638
Bear Mountain Truck Stop,35.21231,-119.012
Valero Corner Store,35.38905,-119.04319
Frank R Lyall & Son,33.03738,-115.62623
West Sac Truck Stop,38.57563,-121.57537
Dave's Truck Service,34.24786,-119.1983
Mac Valley Oil Company,34.20239,-119.12721
Vernon Truck Wash,34.00877,-118.20836
Pacific Pride,36.18216,-119.3306
Royal Truck Stop,34.06307,-117.28931
Bob's Auto & Truck Stop,35.97158,-119.29112
Valley Colton Truck Stop,34.06548,-117.31406
Valley Pacific,34.92361,-120.41662
Three Sisters Truck Stop,34.06288,-117.49066
Golden Gate Petroleum,37.65393,-122.40014
Golden Hill Country Store,35.64544,-120.65807
3 B's Truck & Auto Plaza,38.1138,-121.39451
Jahant Food & Fuel Stop,38.20786,-121.26498
Truck Town,34.06779,-117.48886
Mohsen Oil Truck & Travel,34.90064,-116.88666
Wesco Food & Fuel,34.81868,-116.60902
Rotten Robbie,37.10265,-121.01581
TravelCenters of America,37.10951,-121.0157
Velero,36.18821,-121.07458
United Travel Plaza,38.86005,-121.95599
Valley Truck Stop,36.66192,-121.62731
Vanco Truck & Auto Plaza,37.93572,-121.30164
Clark's Travel Center,33.72799,-116.2306
Hallelujah Junction Market,39.79912,-120.15381
B B Travel Center,33.61082,-114.72688
Hawks Truck Stop,38.47124,-121.41751
Westley Triangle Truck Stop,37.54407,-121.26901
Mikuls Truck Terminal,35.26683,-119.02688
Akal Truck Stop,35.745,-119.24421
Valero,33.15285,-96.28749
TravelCenters of America,36.75931,-89.53467
TravelCenters of America,41.22825,-95.85285
TravelCenters of America,31.13849,-81.58068
Ashland Goasis,40.85744,-82.26242
Petro Stopping Centers,41.33168,-75.74184
TravelCenters of America,37.86384,-112.83025
Love's,31.66087,-106.23779
Newfield Truck Stop,39.54482,-75.04883
Petro Lube,32.7376,-97.76744
Pilot,33.68556,-84.31075
Gateway Travel Plaza,30.11289,-94.04356
Crazy B's,41.59513,-87.23955
Highway 109 Truck Plaza,35.43187,-93.5295
Buffalo Truck Stop,31.47014,-96.04709
Pollard Flat USA Truck Stop,40.99486,-122.41924
Love's,44.04406,-116.97758
Flying J,30.1156,-93.81948
Uncle Pete's Truck Stop,36.18534,-86.26697
Pilot,42.78061,-74.02927
Georgia-Florida Fuel Center,30.82326,-83.29861
1st Stop,38.54436,-106.93711
Love's,34.3687,-97.96417
Big Country Truck Stop,32.4679,-99.98546
23 Track Stop,39.65073,-82.95809
Petro Stopping Centers,41.01964,-76.79517
Moto Mart,38.76925,-90.18211
Pilot,38.17406,-87.54887
Flying J,50.94854,-113.97826
A&K Truck Stop,28.72171,-81.59523
Husky Truck Stop,43.61731,-79.68975
Golden Express,33.39339,-97.729
Roady's Truck Stops,33.24003,-97.57142
Tracy Truck & Auto Stop,37.766,-121.43505
Weed Truck & Travel Center,41.39866,-122.37588
Truck Net,32.55699,-116.96141
Valero Truck Stop,35.98992,-119.96006
Pilot,39.14872,-88.5321
Jayne Travel Center,36.13754,-120.16449
Sunshine Truck Plaza & Casino,30.09622,-90.92817
Circle Bar Truck Corral,30.69827,-101.09108
Love's,46.83195,-96.84578
TravelCenters of America,34.98891,-118.94344
Sapp Bros Travel Center,41.16163,-96.14289
Cheers Travel Center,36.92098,-89.32553
Sapp Bros Landmark,40.66607,-99.25598
Ves Travel Stop,35.15752,-81.47874
Sapp Bros,41.11771,-102.94914
Blowlin's Flying C Ranch,34.99592,-105.3776
Flying J,38.11719,-121.39283
Carlisle Plasa,38.95463,-87.40753
786 Truck Stop,29.41618,-96.05128
